"Group","ABCA1","ACTA2","AOC2","CD247","CLDN9","CYSLTR1","DLG3","DOCK5","EPHB2","FCAR","FEZ1","FHL1","FLNA","GLIPR1","GMFB","GRB10","HPD","ITPKC","KANK3","KAZN","KYNU","LONRF1","LTBP4","LY96","LYST","MGLL","MLC1","NCAM1","NKTR","PELP1","PRUNE2","PTGS1","SCARB2","SMPDL3A","SNX13","SPTB","SRSF7","ST6GALNAC2","TAP2","TGFBR3","TNFAIP6","TTC38","VCAN","VNN1","WASHC4","ZDHHC17"
0," 4.234856"," 3.778874"," 4.178487","11.165906"," 6.364673"," 2.978326"," 6.126484"," 3.035409"," 6.541583"," 5.186508"," 5.428944"," 7.105641","11.141772","11.225521"," 8.461757"," 3.486814"," 4.549289"," 6.202121"," 5.568803"," 3.919167"," 9.000576"," 7.162394"," 6.346179"," 9.896451"," 4.978628"," 8.021584"," 5.899550"," 4.311172"," 8.067357"," 6.552454"," 2.885053"," 7.679772"," 5.274809"," 8.376178"," 7.181040"," 5.282805","11.017004"," 6.012492"," 3.665869"," 9.614818"," 8.538429"," 6.451336","11.444567"," 6.953928"," 8.576662"," 7.993004"
0," 4.013158"," 3.529708"," 4.264833","11.349237"," 5.839548"," 3.032534"," 6.146226"," 3.151213"," 6.626925"," 5.131870"," 8.169235"," 7.232413","11.339072","11.621306"," 8.440729"," 3.534257"," 4.565244"," 5.991861"," 4.928982"," 4.130932"," 8.485000"," 7.356587"," 6.444278"," 9.728726"," 5.462208"," 6.906971"," 6.828291"," 4.692400"," 8.174703"," 6.482742"," 2.980121"," 7.211455"," 5.376702"," 8.248470"," 7.178882"," 5.364297","11.048857"," 6.636916"," 3.683020"," 9.774261"," 7.810914"," 6.581299","11.266884"," 6.333703"," 8.505701"," 8.068215"
0," 3.931136"," 3.687920"," 4.321174","11.835846"," 5.899053"," 3.572335"," 6.479458"," 3.044192"," 6.662407"," 4.687522"," 8.511242"," 6.797844","10.857448","10.545849"," 8.771425"," 3.490837"," 4.681435"," 5.897012"," 5.166974"," 4.098244"," 8.355044"," 6.893670"," 5.957396","10.188097"," 5.227351"," 7.587866"," 7.603225"," 4.396127"," 7.278009"," 6.513484"," 3.218216"," 6.553051"," 4.810671"," 8.061378"," 7.455194"," 5.485034","10.482173"," 6.633481"," 3.313110"," 9.604977"," 7.248927"," 6.313910","11.183204"," 5.996951"," 8.145445"," 8.413646"
0," 3.248839"," 3.491309"," 4.357957","10.817196"," 5.919902"," 3.215922"," 6.138221"," 2.893376"," 6.425493"," 5.126204"," 6.103794"," 6.951791","10.661179","11.164825"," 8.708678"," 3.576671"," 4.594717"," 5.896190"," 4.966408"," 3.854456"," 8.416714"," 6.985593"," 5.990596"," 9.624865"," 5.507444"," 7.102135"," 5.238105"," 4.623295"," 8.243807"," 6.674669"," 2.942226"," 6.685072"," 5.041823"," 7.538195"," 7.258414"," 5.270556","11.085428"," 6.423621"," 3.449590"," 8.863434"," 6.038294"," 6.239917","11.453539"," 7.478081"," 8.850998"," 8.614473"
0," 3.119103"," 3.759737"," 4.257846","11.951611"," 5.725514"," 3.232412"," 6.391324"," 2.727511"," 6.422175"," 4.493001"," 7.787987"," 6.385571","10.769503","11.122250"," 8.761765"," 3.346122"," 4.301862"," 6.037674"," 5.395213"," 4.091431"," 8.293878"," 6.480520"," 6.591039"," 9.877536"," 5.466219"," 6.776778"," 6.835936"," 4.520174"," 7.853542"," 6.625685"," 2.949844"," 6.079015"," 4.612428"," 7.373057"," 7.390508"," 5.084110","10.501275"," 6.391086"," 3.224788"," 9.882695"," 5.295613"," 6.232787","11.134201"," 7.747857"," 9.037267"," 8.544889"
0," 3.381585"," 3.774574"," 4.284413","11.480174"," 5.701334"," 3.437915"," 6.218571"," 2.967760"," 6.225694"," 4.985908"," 7.080259"," 5.965366","11.183164","10.002049"," 8.557728"," 3.440029"," 3.953158"," 6.019769"," 5.294550"," 4.193669"," 8.230966"," 7.466437"," 5.857877"," 9.721808"," 4.527218"," 7.148533"," 6.904772"," 4.330545"," 8.804371"," 6.663165"," 3.098264"," 5.680316"," 5.672278"," 7.504010"," 6.592579"," 5.251005","10.845212"," 6.332040"," 3.527519"," 9.773890"," 6.130847"," 6.515355"," 9.800641"," 4.863353"," 8.007086"," 8.048051"
0," 3.629093"," 3.257192"," 4.240706","10.997586"," 5.921246"," 3.081239"," 5.796737"," 2.750845"," 6.501039"," 4.702092"," 6.413471"," 6.946846","11.243228","10.822398"," 8.398697"," 3.686663"," 4.389433"," 5.947126"," 5.150757"," 4.027043"," 8.320051"," 6.490988"," 6.261966"," 9.793838"," 5.046309"," 7.676987"," 6.231489"," 4.289292"," 8.352737"," 6.920804"," 3.264408"," 6.974236"," 5.522125"," 7.101482"," 6.816864"," 5.192642","10.578993"," 6.500195"," 3.394902"," 8.614473"," 5.886929"," 6.281473","11.143834"," 7.774541"," 8.548280"," 8.126330"
0," 3.412558"," 3.829331"," 4.112043","11.512668"," 6.074835"," 2.994825"," 6.498864"," 2.817459"," 6.580776"," 5.059891"," 7.732078"," 7.046364","11.165867","10.860893"," 8.574088"," 3.919924"," 4.381446"," 5.620117"," 5.629369"," 3.850840"," 8.209446"," 6.332718"," 6.245669"," 9.763279"," 5.058597"," 6.639738"," 6.848764"," 4.292534"," 8.760272"," 6.731001"," 3.031533"," 6.401325"," 5.512797"," 7.321684"," 7.139799"," 5.113393","11.218013"," 6.464825"," 3.319538"," 9.981397"," 4.964504"," 6.364402","11.178683"," 7.241986"," 8.461747"," 8.337570"
0," 3.160825"," 3.536769"," 4.431801","10.811611"," 5.914447"," 3.238612"," 5.948270"," 2.768557"," 6.497822"," 4.351795"," 5.617278"," 8.428801","10.532771","11.426603"," 8.370602"," 3.162391"," 4.579715"," 5.498920"," 4.950760"," 3.860634"," 8.848045"," 6.224537"," 6.257397","10.351535"," 5.833314"," 8.238904"," 6.142243"," 4.211973"," 7.762060"," 6.386927"," 3.163106"," 8.689261"," 4.723271"," 8.151025"," 7.501163"," 5.265951","10.164508"," 6.070601"," 3.487176"," 7.862361"," 4.208985"," 6.154775","11.242326"," 7.802424"," 8.660670"," 8.368181"
0," 3.217265"," 3.533954"," 4.271840","11.454055"," 5.961982"," 3.410325"," 5.519103"," 2.741619"," 6.656566"," 4.082508"," 7.480863"," 7.042265","10.632464","11.170665"," 8.683393"," 3.446795"," 4.495843"," 5.768663"," 5.487809"," 3.775209"," 8.515605"," 4.718542"," 5.682105","10.362420"," 5.418467"," 7.525158"," 6.963811"," 4.639724"," 7.602301"," 6.851276"," 3.694325"," 6.570451"," 4.823258"," 8.105318"," 7.356414"," 5.068343"," 9.660894"," 6.459251"," 3.275301"," 8.490914"," 4.537160"," 6.341834","11.968650"," 8.668201"," 8.875449"," 8.424886"
0," 3.502685"," 3.465244"," 4.479601","11.524373"," 5.897756"," 3.382664"," 5.626297"," 2.751694"," 6.598843"," 4.603715"," 6.941246"," 6.927523","10.378150","11.106317"," 8.692233"," 3.876980"," 4.343726"," 5.997371"," 4.844431"," 3.997549"," 9.443312"," 6.963666"," 6.172005","10.499453"," 5.775992"," 7.652923"," 6.832850"," 4.299725"," 7.683471"," 6.486528"," 3.071872"," 7.665418"," 4.809286"," 8.234314"," 7.723173"," 5.614901","10.124638"," 5.929349"," 3.429487"," 8.811745"," 4.312290"," 6.432045","12.282514"," 9.648385"," 9.313659"," 8.616831"
0," 3.596013"," 4.026970"," 4.631690"," 9.956505"," 5.928204"," 2.906464"," 5.604473"," 2.845854"," 7.279315"," 4.792720"," 5.180583"," 6.117438","10.156343","11.307952"," 8.960846"," 4.012525"," 4.210688"," 6.152779"," 5.073901"," 4.063697"," 9.768219"," 6.697869"," 5.515136","11.326216"," 6.243090"," 7.593158"," 6.311228"," 4.418109"," 7.426222"," 6.376353"," 3.358940"," 6.978715"," 5.271051"," 9.522905"," 7.736903"," 5.681783"," 9.595645"," 7.031568"," 3.685665"," 7.447648"," 7.392454"," 6.516014","12.786190"," 8.972823"," 9.693329"," 8.522897"
0," 3.381917"," 3.631454"," 4.095166","11.105317"," 6.014962"," 3.274446"," 5.995360"," 2.574890"," 6.599048"," 4.318018"," 7.137559"," 7.161240","10.353620","11.603811"," 8.877837"," 3.541067"," 4.458065"," 6.142710"," 4.925473"," 3.760598"," 8.889901"," 6.127740"," 6.044257","10.187216"," 6.062170"," 7.238281"," 6.158954"," 4.494807"," 8.143990"," 6.482862"," 3.748751"," 6.698548"," 4.953845"," 7.661972"," 7.597389"," 5.090940","10.256448"," 6.798205"," 3.376795"," 8.015645"," 4.472155"," 6.270385","12.158241"," 8.515932"," 9.080683"," 8.412279"
0," 3.451935"," 3.683998"," 4.250235","11.290580"," 5.758877"," 3.091881"," 5.973495"," 2.829163"," 6.485770"," 3.843495"," 7.085793"," 7.776711","10.809191","11.379638"," 8.902467"," 3.486814"," 4.758998"," 6.005352"," 5.135720"," 3.687498"," 8.958234"," 4.466257"," 5.868023","10.432001"," 5.450839"," 8.020542"," 6.792216"," 4.447526"," 7.266647"," 6.842036"," 3.057398"," 7.720184"," 4.850945"," 8.275072"," 7.293951"," 5.251116"," 9.870211"," 6.317488"," 3.288532"," 8.022675"," 4.582375"," 6.390800","11.966979"," 9.065693"," 8.926589"," 8.385423"
0," 3.226952"," 3.818582"," 4.404857","10.875540"," 6.015092"," 3.429153"," 5.929979"," 3.020990"," 6.271077"," 3.828044"," 6.260583"," 6.749662","10.740626","11.367807"," 8.848806"," 3.556527"," 4.558631"," 5.974513"," 5.203112"," 3.844966"," 8.881740"," 4.948313"," 5.725669","10.401546"," 5.708383"," 7.524555"," 6.705481"," 4.300708"," 7.884306"," 6.764123"," 3.131988"," 7.228603"," 5.664848"," 8.361758"," 7.417760"," 5.325812","10.004755"," 6.594722"," 3.559247"," 8.259856"," 5.270354"," 6.206094","12.132109"," 7.499632"," 8.890462"," 8.716779"
0," 3.201047"," 3.529107"," 4.352492","11.555915"," 6.060917"," 3.272443"," 6.097182"," 3.181716"," 6.586517"," 4.198310"," 7.405587"," 6.879676","10.675088","10.750873"," 8.618367"," 3.516704"," 4.469660"," 5.949391"," 5.389552"," 3.790045"," 7.896482"," 6.044778"," 6.011101"," 9.799623"," 5.745273"," 6.686118"," 6.901328"," 4.346247"," 8.301771"," 6.589588"," 3.058519"," 6.898879"," 4.845446"," 7.053325"," 7.146364"," 4.972744","10.336984"," 6.468333"," 3.374724"," 8.617739"," 4.575826"," 6.294312","11.274770"," 7.016868"," 8.787387"," 8.418023"
0," 3.351950"," 3.471238"," 4.548690","10.054951"," 5.734488"," 4.255046"," 5.564448"," 2.948185"," 6.448414"," 4.076398"," 5.324174"," 6.808478","10.744650","11.511596"," 8.881019"," 3.775273"," 4.712881"," 6.012615"," 4.859408"," 3.716728"," 9.126529"," 5.597093"," 5.529897","10.918653"," 6.087678"," 8.060397"," 6.278105"," 4.231871"," 8.668032"," 6.647536"," 3.848835"," 7.780329"," 6.436632"," 8.022586"," 7.361919"," 5.061733"," 9.971648"," 6.612193"," 3.797683"," 6.788085"," 5.818291"," 6.092247","12.472641"," 7.929091"," 8.976072"," 8.450054"
0," 3.362223"," 3.573615"," 4.094777","11.121727"," 6.037736"," 4.084136"," 5.988639"," 2.823709"," 6.223251"," 4.050588"," 6.215423"," 7.720110","10.933743"," 9.824091"," 8.658622"," 3.580277"," 4.082189"," 6.116308"," 5.101829"," 3.921661"," 8.130572"," 5.473177"," 5.999365","10.055790"," 5.649746"," 8.038537"," 6.029828"," 4.643986"," 8.663243"," 6.619199"," 3.164681"," 7.732226"," 5.887289"," 6.376471"," 7.029053"," 5.370913","10.517672"," 6.088330"," 3.375874"," 7.914417"," 3.691215"," 6.104953","11.811021"," 7.411077"," 8.821910"," 8.285676"
0," 3.210809"," 3.247790"," 4.289445","10.458130"," 6.087579"," 3.116807"," 5.672652"," 2.662877"," 6.676382"," 3.894911"," 6.083326"," 6.748265","10.700724","11.379182"," 9.052762"," 3.242737"," 4.609232"," 6.265771"," 5.047893"," 3.652697"," 9.092327"," 4.494894"," 5.832499","10.721638"," 5.692364"," 7.680083"," 6.412719"," 4.514864"," 7.308394"," 6.761575"," 4.540266"," 7.726700"," 4.846335"," 8.170170"," 7.590292"," 5.242588"," 9.885304"," 6.701845"," 4.061828"," 6.876953"," 4.396749"," 6.363359","12.149446"," 7.363139"," 9.105845"," 8.428993"
0," 3.265537"," 3.598566"," 4.122254","10.749181"," 6.245200"," 3.444820"," 5.672734"," 2.910013"," 6.360443"," 3.924645"," 6.967815"," 6.861380","10.547550","11.233359"," 8.722911"," 3.471204"," 4.284759"," 5.870771"," 5.374870"," 3.941172"," 8.713721"," 5.115884"," 5.819328","10.619177"," 5.257098"," 7.692752"," 6.570087"," 4.498785"," 7.550596"," 6.799617"," 3.120624"," 7.108184"," 5.709869"," 7.738972"," 7.239450"," 5.213018","10.141313"," 6.483289"," 3.394595"," 8.255237"," 5.873227"," 6.252921","11.991471"," 8.413441"," 8.833862"," 8.476533"
1," 3.386807"," 3.320016"," 4.119990","11.110462"," 5.964095"," 3.513026"," 6.247197"," 2.710762"," 6.600614"," 4.539418"," 5.830439"," 6.870844","11.157459","11.330699"," 8.631700"," 3.137798"," 4.543471"," 6.183532"," 5.259928"," 3.621410"," 8.824334"," 6.071113"," 6.274548"," 9.954324"," 5.524145"," 6.972845"," 6.480900"," 4.463386"," 7.496809"," 6.914449"," 3.030820"," 6.513093"," 4.918521"," 7.705460"," 7.309586"," 5.138030"," 9.576437"," 6.774528"," 3.550557"," 8.639268"," 4.956645"," 6.339072","11.775972"," 7.081153"," 8.333165"," 8.323905"
1," 3.206032"," 3.673061"," 4.319781","11.424269"," 6.273500"," 3.348875"," 5.899907"," 2.712384"," 6.420546"," 4.283877"," 5.908893"," 8.370265","10.960042","11.515578"," 8.543285"," 3.512835"," 4.315922"," 6.029673"," 5.166943"," 3.652763"," 9.332389"," 6.876194"," 6.118376","10.300152"," 5.882916"," 9.230214"," 6.489133"," 4.595154"," 7.534769"," 6.521671"," 3.137508"," 9.044246"," 5.064774"," 8.242386"," 7.376956"," 5.633264"," 9.976058"," 6.362483"," 3.285686"," 8.562740"," 4.355711"," 6.328908","12.188734"," 8.726983"," 8.715037"," 8.375444"
1," 3.561640"," 4.198253"," 4.356211","10.331570"," 6.171719"," 3.287806"," 6.376914"," 2.901585"," 6.609156"," 4.666023"," 5.579443"," 7.603104","10.065171","11.467927"," 8.610068"," 3.952507"," 4.067915"," 5.750116"," 5.039332"," 3.699971"," 8.478020"," 6.332718"," 5.597331","10.263392"," 5.811881"," 7.489077"," 5.537212"," 4.302752"," 8.182046"," 6.299763"," 3.198427"," 7.754622"," 4.933627"," 7.549045"," 7.334098"," 5.404582","10.372139"," 6.411503"," 4.198650"," 7.919234"," 4.449099"," 6.131852","11.749166"," 8.005253"," 8.926105"," 8.505351"
1," 3.648521"," 3.741539"," 4.277177","10.928978"," 6.176069"," 3.057583"," 5.991262"," 2.747635"," 7.005287"," 4.466015"," 6.890573"," 7.713669","11.385303","10.880707"," 8.428218"," 3.371561"," 4.546313"," 6.233582"," 5.523677"," 3.911277"," 9.494266"," 6.629799"," 6.484286","10.480787"," 6.152828"," 8.459657"," 6.659305"," 4.418109"," 7.342912"," 6.659359"," 2.891119"," 8.170346"," 5.325626"," 8.326426"," 7.567340"," 5.480466"," 9.560125"," 6.950894"," 3.299550"," 8.128732"," 6.013910"," 6.330530","12.252757"," 8.237520"," 8.938013"," 8.145055"
1," 3.371545"," 3.841519"," 4.371420","11.054125"," 6.191436"," 3.361727"," 5.718197"," 3.024966"," 6.568385"," 4.075015"," 6.200820"," 7.596003","10.513703","11.494154"," 8.611506"," 3.466924"," 4.621116"," 6.077260"," 4.953549"," 3.754164"," 8.629841"," 5.807735"," 6.000384","10.024431"," 5.679084"," 7.607416"," 6.463035"," 4.714986"," 7.979031"," 6.599068"," 3.492702"," 7.667276"," 4.921400"," 7.959406"," 7.392277"," 5.247691"," 9.953642"," 5.991109"," 3.218975"," 7.187261"," 5.754262"," 6.325186","11.885825"," 8.395944"," 9.073663"," 8.323171"
1," 3.160094"," 3.775601"," 4.390482","10.712041"," 6.215490"," 3.229479"," 5.852659"," 2.902835"," 6.320231"," 4.777393"," 5.810253"," 7.186204","10.803625","10.523103"," 8.841597"," 3.631669"," 4.731949"," 6.235202"," 5.303535"," 3.865655"," 8.646311"," 6.173314"," 5.958676","10.331208"," 5.727739"," 7.426216"," 5.657091"," 4.577937"," 7.419943"," 6.843864"," 3.112337"," 7.448397"," 4.682592"," 7.879298"," 7.615577"," 5.253929"," 9.853489"," 6.199304"," 3.209407"," 7.854948"," 4.534675"," 6.419723","11.796379"," 6.674268"," 9.139647"," 8.267496"
1," 3.439259"," 3.936273"," 4.137155","11.422782"," 5.776253"," 2.967110"," 6.037611"," 2.866504"," 6.252787"," 4.824668"," 7.174671"," 7.025288","10.860034"," 9.507687"," 8.580822"," 3.922028"," 4.328579"," 5.202386"," 5.151342"," 4.412960"," 7.831922"," 7.408576"," 5.588368"," 9.337836"," 5.100388"," 7.669986"," 7.300280"," 4.450049"," 8.807701"," 6.243841"," 3.513148"," 7.498986"," 5.676721"," 7.382148"," 6.885426"," 5.109777","10.340534"," 6.222582"," 3.263072"," 9.781203"," 6.086522"," 6.496229","11.591021"," 8.354829"," 7.931144"," 8.519046"
1," 3.251392"," 3.565875"," 4.643506","10.706134"," 6.183697"," 2.948264"," 5.700357"," 2.641935"," 6.697389"," 4.006437"," 5.607170"," 7.731823","10.631300","11.353896"," 8.590776"," 3.384520"," 4.788780"," 5.691673"," 5.464299"," 3.656887"," 8.824254"," 6.257347"," 5.850070","10.454411"," 5.698281"," 7.624964"," 5.974008"," 4.343334"," 7.199761"," 6.721965"," 3.039731"," 7.977015"," 4.848088"," 7.673285"," 7.324229"," 5.379820"," 9.920212"," 6.601593"," 3.410619"," 8.248366"," 4.967025"," 6.353307","12.148418"," 8.157850"," 8.930181"," 8.233389"
1," 3.491550"," 3.529107"," 4.006104","11.329098"," 5.639904"," 3.661490"," 6.233027"," 2.825094"," 6.620966"," 4.419657"," 6.601506"," 7.192641","10.439551","11.550323"," 8.700137"," 3.441041"," 4.223345"," 6.065467"," 5.144709"," 4.034001"," 7.658607"," 6.523202"," 5.497283"," 9.534028"," 4.976345"," 7.303746"," 6.482186"," 4.321881"," 8.807154"," 6.529078"," 2.905715"," 7.385553"," 5.630480"," 6.967580"," 6.810803"," 4.845064","10.463123"," 5.904224"," 3.447461"," 8.608798"," 5.104789"," 6.170922","11.196578"," 6.576762"," 8.306184"," 8.507576"
1," 3.296918"," 3.608264"," 4.108866","10.327053"," 6.291250"," 3.187668"," 5.761739"," 2.710507"," 6.925081"," 4.058385"," 5.471175"," 7.514559","10.599576","11.189172"," 8.481771"," 3.370590"," 4.738409"," 5.803372"," 5.328001"," 3.616594"," 8.942555"," 5.718280"," 6.090310","10.663223"," 6.068714"," 7.795293"," 5.334849"," 4.534260"," 6.941495"," 6.594947"," 3.384006"," 7.994193"," 4.805283"," 8.157891"," 7.231419"," 5.331622"," 9.522238"," 7.059371"," 3.346245"," 7.195318"," 4.989567"," 6.448202","11.979570"," 7.821011"," 8.869052"," 8.030783"
1," 3.726817"," 3.487762"," 4.406822","11.617523"," 5.954150"," 2.933294"," 6.216393"," 2.673591"," 6.916852"," 5.053418"," 7.813653"," 6.990032","11.552881","10.520743"," 8.237267"," 3.271116"," 4.496390"," 6.186184"," 5.439682"," 4.217658"," 8.766369"," 7.059673"," 6.669604"," 9.460650"," 5.618535"," 7.271314"," 7.258878"," 4.716138"," 7.299851"," 6.625605"," 2.856407"," 6.616197"," 5.023690"," 8.136395"," 7.100020"," 5.322179","10.538200"," 6.401824"," 3.606871"," 9.198536"," 6.876122"," 6.258036","11.163058"," 7.476498"," 8.078053"," 7.914827"
1," 3.554936"," 3.767979"," 4.291602","11.082052"," 5.938796"," 2.790453"," 6.539780"," 2.759916"," 6.531991"," 4.503917"," 7.441501"," 6.900395","10.840216","11.031022"," 8.431425"," 3.273929"," 4.691474"," 6.019769"," 4.952665"," 3.803984"," 8.368124"," 6.509213"," 6.236020"," 9.795896"," 5.802439"," 7.165000"," 6.338184"," 4.521062"," 7.429574"," 6.474150"," 3.442206"," 7.338707"," 4.623295"," 8.575844"," 7.580573"," 5.205275","10.830210"," 6.400561"," 3.369913"," 9.968255"," 8.468275"," 6.212994","11.529709"," 7.439132"," 8.810700"," 8.477973"
1," 3.428274"," 3.399646"," 4.158952","11.383113"," 6.045317"," 3.213051"," 6.340762"," 2.719564"," 6.426965"," 4.812883"," 7.498795"," 7.068610","10.531370","10.468179"," 8.449122"," 3.615564"," 4.396046"," 6.010826"," 5.119846"," 3.895716"," 8.023262"," 6.685310"," 5.908865"," 9.754915"," 5.158283"," 6.716628"," 6.224769"," 4.298888"," 7.875056"," 6.757078"," 3.622019"," 6.123311"," 5.218087"," 8.055349"," 7.313122"," 5.086916","11.319280"," 5.646961"," 3.484748"," 9.491653"," 7.728183"," 6.343083","10.574854"," 5.648644"," 8.685554"," 8.417672"
1," 3.548059"," 3.474338"," 4.214802","11.032613"," 5.869712"," 3.257277"," 6.381897"," 2.706699"," 6.721714"," 4.749167"," 7.358259"," 6.398872","10.704622","10.728346"," 8.753903"," 3.686663"," 4.452601"," 5.938104"," 4.959603"," 3.945673"," 8.863517"," 6.671418"," 6.109486","10.312237"," 5.286832"," 7.211253"," 6.572972"," 4.328360"," 7.771195"," 6.739980"," 3.333363"," 6.837340"," 4.817978"," 8.177869"," 7.532181"," 5.234154","10.563843"," 6.767263"," 3.231615"," 9.227779"," 7.033269"," 6.267149","11.798899"," 8.775179"," 8.785907"," 8.472847"
1," 3.506574"," 3.561443"," 4.277177","11.297114"," 6.107812"," 2.986120"," 6.576277"," 2.599662"," 6.386014"," 4.297613"," 7.835810"," 6.751398","10.572664","11.317652"," 8.853382"," 3.576454"," 4.643105"," 6.065015"," 5.344656"," 4.059234"," 8.264111"," 6.316669"," 5.819756"," 9.777710"," 5.846117"," 7.220914"," 6.368060"," 4.226319"," 7.722472"," 6.615008"," 2.911828"," 7.346700"," 4.701705"," 7.712234"," 7.559483"," 5.083349"," 9.972992"," 5.981980"," 3.784169"," 9.410949"," 5.965966"," 6.081566","11.548975"," 7.061024"," 9.146161"," 8.530699"
1," 3.565098"," 3.165632"," 4.016558","11.331691"," 6.513636"," 3.200578"," 6.246888"," 2.905861"," 6.511755"," 5.106389"," 6.653079"," 6.647896","10.316914","11.154425"," 8.275320"," 3.553066"," 4.974469"," 5.781960"," 5.177257"," 3.988308"," 8.371809"," 6.784071"," 5.716520"," 9.908978"," 5.320723"," 6.653968"," 5.838129"," 4.698928"," 7.622026"," 6.474538"," 3.441949"," 6.260740"," 5.046948"," 8.296132"," 7.500467"," 5.757198","11.334119"," 6.417346"," 3.246798","10.116771"," 8.221215"," 6.440202","11.184223"," 7.414364"," 8.816441"," 8.454794"
1," 3.672877"," 3.948542"," 4.304068","10.796871"," 6.159169"," 3.226675"," 6.030599"," 2.767828"," 6.638697"," 4.964897"," 7.342395"," 6.624047","10.563420","11.209508"," 8.590043"," 3.641972"," 4.515197"," 6.537406"," 4.929457"," 3.949218"," 8.508392"," 7.745637"," 5.711451","10.372239"," 5.102096"," 7.763082"," 6.302101"," 4.547081"," 7.806279"," 6.423146"," 3.289304"," 7.174793"," 4.895029"," 8.837617"," 7.383734"," 5.465914","10.661037"," 5.870329"," 3.424165"," 7.913436"," 9.339150"," 6.117424","11.379146"," 8.319696"," 8.529545"," 8.385832"
1," 3.581282"," 3.692490"," 4.138016","11.247266"," 5.629738"," 3.074344"," 6.137440"," 2.864131"," 6.708806"," 4.865074"," 7.596504"," 6.388114","10.772033","10.464385"," 8.684061"," 3.511713"," 4.589733"," 5.727739"," 5.308066"," 4.039660"," 8.789714"," 6.836118"," 5.602576","10.219965"," 5.156108"," 7.429708"," 6.824179"," 4.401738"," 7.270861"," 6.948229"," 3.887487"," 6.567116"," 4.931260"," 7.976299"," 7.343011"," 5.009068","10.084590"," 6.305498"," 3.528469"," 8.817680"," 5.620547"," 6.392005","11.420477"," 7.899741"," 8.235457"," 8.247688"
1," 3.572345"," 3.617564"," 4.124504","11.245293"," 6.021586"," 3.030345"," 6.314942"," 2.788499"," 6.922541"," 4.402040"," 6.983187"," 7.068396","11.218778"," 9.599913"," 8.491991"," 3.850153"," 4.481627"," 5.689053"," 5.281468"," 3.743041"," 8.598635"," 6.003672"," 6.160444","10.139170"," 5.448180"," 7.349923"," 6.418019"," 4.622520"," 7.005322"," 6.897209"," 3.532245"," 7.272692"," 5.068871"," 8.236139"," 7.398373"," 5.167239","10.085301"," 6.399479"," 3.391489"," 8.803921"," 6.515365"," 6.332813","11.707573"," 8.722968"," 8.235198"," 8.186855"
1," 3.558511"," 4.589806"," 4.136654","10.434094"," 5.966687"," 3.192813"," 6.484277"," 2.897872"," 6.963536"," 4.864486"," 6.091279"," 6.963536","10.475202","11.668050"," 8.942223"," 3.786336"," 4.437612"," 6.274573"," 4.653857"," 4.121216"," 8.539119"," 6.951123"," 4.865307","10.157867"," 5.694392"," 7.793596"," 6.205418"," 4.355955"," 7.921800"," 6.258503"," 3.396142"," 7.698800"," 5.510536"," 7.814832"," 6.965734"," 5.035720"," 9.784482"," 6.590595"," 3.801458"," 8.109516"," 5.268849"," 6.456650","12.074869"," 7.443461"," 7.963722"," 8.540620"
0," 8.900898"," 8.254476"," 6.951036"," 9.796211"," 6.064426"," 7.032379"," 7.802713"," 4.914860"," 4.235720"," 6.683352"," 5.943367"," 4.520006","10.371098","10.028296"," 4.895795"," 7.640665"," 5.200439"," 6.207748"," 7.609657"," 8.012055"," 7.582646"," 6.480590"," 5.812009","10.085790","11.373188"," 6.320860"," 7.531516"," 7.040516","11.803727"," 8.285018"," 5.632914"," 5.444928"," 6.978406"," 8.736157"," 7.647657"," 9.427079"," 9.321246","11.263369"," 6.355182"," 5.809527"," 9.440008"," 5.923752"," 9.614475","10.058693","12.092195","10.164618"
0," 8.757910"," 7.354462"," 6.947205","10.148214"," 5.731526"," 6.449864"," 8.105505"," 5.260808"," 5.128503"," 6.413691"," 5.904180"," 4.285220","10.400467","10.065018"," 6.526718"," 7.561720"," 3.171813"," 6.256014"," 7.541936"," 7.068586"," 7.708595"," 6.571438"," 6.075944","10.917088","11.100279"," 6.331278"," 7.818722"," 7.461795","11.720780"," 8.136182"," 5.423696"," 5.987089"," 6.178679"," 7.460570"," 7.358574"," 8.949172"," 9.362237","10.992333"," 5.764200"," 5.900432"," 9.206329"," 6.054130","10.158411","10.338862","11.852656"," 9.959110"
0," 7.962383"," 7.617966"," 6.882938","10.107494"," 5.624516"," 6.376836"," 8.499023"," 4.087894"," 5.647425"," 6.433989"," 6.107977"," 4.297679","10.675567","10.033877"," 5.812846"," 7.363516"," 4.773430"," 6.455809"," 7.835187"," 5.934782"," 7.804927"," 7.053612"," 5.986563"," 9.982620","11.094628"," 6.810073"," 7.971154"," 7.456657","11.842558"," 8.287517"," 5.547423"," 5.943384"," 6.759734"," 7.999776"," 7.337476"," 9.135920"," 9.471445","10.902502"," 7.130479"," 6.037959"," 8.481081"," 5.983241","10.225971"," 9.200054","11.921469"," 9.826337"
0," 8.589869"," 7.569099"," 7.199684","10.006217"," 5.625659"," 6.341541"," 8.222838"," 3.687202"," 5.651008"," 6.405680"," 5.428945"," 4.424882","10.388421","10.288442"," 6.066545"," 7.549431"," 3.961017"," 6.368756"," 7.513985"," 5.304981"," 8.796088"," 7.624699"," 5.875017","10.429023","11.442492"," 7.568364"," 7.650184"," 7.512317","11.829521"," 8.533233"," 4.332844"," 7.018300"," 6.804164"," 7.965350"," 7.683452"," 8.809233"," 9.446000","11.337545"," 7.000336"," 4.058677"," 9.510406"," 5.795677","10.274602"," 9.686122","12.010088"," 9.959031"
0," 8.475936"," 5.674706"," 6.939349","10.498061"," 5.722347"," 6.775526"," 8.207563"," 4.249147"," 4.441184"," 5.749738"," 5.223340"," 4.432466"," 9.697805","10.013009"," 7.324222"," 7.103012"," 4.731736"," 6.023049"," 8.558279"," 6.584189"," 7.855258"," 6.349978"," 6.136137","11.909018","11.175172"," 5.397713"," 7.329586"," 6.595723","11.777771"," 8.503141"," 6.105860"," 4.801313"," 6.490519"," 8.158794"," 7.720827"," 8.447590"," 9.673316","10.726048"," 5.643183"," 5.185867"," 9.192805"," 5.716689","10.281079"," 9.664970","11.647724","10.334249"
0," 8.515401"," 8.106945"," 7.058385","10.071663"," 5.988904"," 6.992375"," 8.024401"," 4.642129"," 4.954645"," 7.186233"," 6.123037"," 4.345322","10.399594","10.160665"," 6.161994"," 8.000152"," 4.626129"," 6.390131"," 7.571137"," 6.701136"," 8.008220"," 7.169774"," 6.065909","10.177867","11.181291"," 6.393608"," 7.869324"," 7.370312","11.673183"," 8.526440"," 3.838018"," 6.313400"," 6.646250"," 8.269912"," 7.425316"," 8.790050"," 9.096531","11.314337"," 6.633807"," 5.385323"," 9.799482"," 5.886667","10.624403"," 9.681829","11.882099"," 9.848262"
0," 8.972761"," 8.124047"," 7.029867"," 9.593474"," 5.710305"," 6.788767"," 8.195934"," 4.896772"," 5.342610"," 7.002628"," 5.671727"," 4.904740","10.382688"," 9.920801"," 5.954024"," 7.373871"," 5.297721"," 6.214785"," 6.926860"," 7.014412"," 8.889732"," 6.877754"," 6.272479","10.959834","11.410942"," 6.297633"," 7.571321"," 6.919768","11.591147"," 8.066636"," 2.907143"," 5.882343"," 7.087392"," 8.303993"," 7.535489"," 8.703816"," 9.030720","11.302231"," 6.970505"," 6.338059"," 9.692641"," 5.987470","10.748531"," 9.736074","11.923960","10.173786"
0," 7.506785"," 8.011946"," 6.283393","10.099909"," 5.781651"," 7.065068"," 8.198279"," 4.301377"," 4.939305"," 5.311882"," 6.557735"," 4.470540","10.164650","10.311355"," 6.225912"," 7.436047"," 3.316321"," 5.946947"," 7.823408"," 3.066800"," 7.899425"," 6.784917"," 6.038524","10.691031","11.111378"," 6.738877"," 7.472120"," 6.795735","11.866731"," 8.233150"," 4.416905"," 5.747701"," 7.281713"," 8.538024"," 7.359818"," 8.717847"," 9.587494","10.764942"," 5.809606"," 5.461615"," 8.520385"," 5.788343","10.644143"," 9.393421","12.101443"," 9.956362"
0," 7.724195"," 6.420124"," 6.222254","10.492479"," 5.372254"," 6.879943"," 8.316060"," 3.757320"," 4.839291"," 5.802973"," 6.386164"," 4.283178","10.704519","10.118461"," 5.684153"," 7.032860"," 3.939061"," 6.200055"," 7.868248"," 4.647490"," 8.000871"," 6.867190"," 6.068874"," 9.355036","11.037328"," 6.882439"," 7.649501"," 7.455834","11.925931"," 8.693013"," 3.595645"," 6.583455"," 6.508534"," 7.806651"," 6.957370"," 8.208588"," 9.528508"," 9.968694"," 6.942029"," 6.321023"," 7.685041"," 5.743910","10.596734","10.096949","11.856230"," 9.576337"
0," 8.764683"," 6.864541"," 6.918468","10.161916"," 5.421573"," 7.250061"," 8.756429"," 4.134530"," 4.958582"," 6.079256"," 6.123155"," 4.677573","10.407608","10.518317"," 6.672624"," 7.369177"," 3.846699"," 6.252981"," 7.308760"," 4.975013"," 8.348262"," 7.385144"," 5.955400","10.666814","11.406158"," 6.996702"," 7.908449"," 7.172237","11.782932"," 8.359652"," 5.487753"," 6.156244"," 6.868403"," 8.601892"," 7.714878"," 8.941488"," 9.187423","11.158715"," 7.003318"," 6.404144","10.216873"," 5.461615","10.013937","10.751413","12.060123"," 9.933125"
0," 7.146148"," 7.574298"," 6.991463","10.794834"," 6.148497"," 6.310758"," 8.271591"," 4.135783"," 5.059525"," 6.881277"," 6.940170"," 4.514087","10.428952","10.048920"," 5.613539"," 7.870376"," 4.854266"," 6.574037"," 7.724447"," 6.604554"," 7.647343"," 6.456393"," 6.096965","10.494393","10.956669"," 7.031117"," 8.821188"," 8.422874","11.716052"," 8.386707"," 2.981736"," 6.083848"," 6.427550"," 7.706876"," 7.089611"," 8.977805"," 9.502644","10.770173"," 6.422191"," 5.888834"," 9.611042"," 6.014897"," 9.874049"," 9.778119","11.791449"," 9.806293"
0," 8.843238"," 7.821703"," 7.404539"," 9.931091"," 5.764140"," 7.288755"," 7.715046"," 4.004512"," 4.893378"," 6.825255"," 5.495506"," 4.461849"," 9.817181","10.111122"," 6.880788"," 7.511979"," 3.732352"," 6.170648"," 6.995402"," 7.046042"," 7.848072"," 7.077206"," 6.034142","11.446501","11.481171"," 7.009614"," 7.313019"," 6.743736","11.752529"," 8.045102"," 6.684585"," 6.106104"," 7.044534"," 7.829383"," 7.885945"," 8.676184"," 9.165641","11.295466"," 6.587458"," 6.362437"," 9.145910"," 5.763226","10.356279","10.603035","12.111862","10.255714"
0," 8.088866"," 6.541456"," 6.658489"," 9.853811"," 5.679460"," 6.568388"," 7.808849"," 4.225147"," 5.226376"," 6.278216"," 5.232386"," 4.496177","10.561695","10.112835"," 5.285263"," 7.575091"," 3.709706"," 5.896018"," 7.697305"," 4.927641"," 7.669970"," 7.732747"," 5.774599"," 9.358508","11.023106"," 7.416914"," 7.811243"," 6.969575","11.721259"," 8.302570"," 5.788098"," 6.413071"," 6.350228"," 7.726266"," 6.875094"," 8.509746"," 9.283303","10.363529"," 6.335140"," 5.340423"," 9.104218"," 5.913463"," 9.958307"," 9.938255","11.712218"," 9.123753"
0," 7.793520"," 6.584441"," 6.233999","10.324407"," 5.486477"," 6.884093"," 8.281794"," 3.735958"," 4.447311"," 5.817963"," 5.907306"," 4.860057","10.439463","10.319698"," 5.361133"," 7.697979"," 4.363763"," 5.924333"," 7.478263"," 5.960829"," 7.702437"," 7.353509"," 6.163014"," 9.703134","10.978581"," 7.014154"," 7.413109"," 7.508866","11.979945"," 8.525603"," 5.816478"," 6.250584"," 6.672828"," 7.395799"," 7.075992"," 8.447891"," 9.627132"," 9.653937"," 6.532502"," 5.920801"," 7.202271"," 5.874256"," 9.729745"," 9.536407","11.831484"," 9.761552"
0," 7.069118"," 7.729951"," 7.253955","10.142528"," 6.715938"," 6.444604"," 8.201207"," 4.593208"," 4.500348"," 6.744607"," 6.306201"," 4.649756","10.336610","10.219195"," 6.397331"," 7.734005"," 5.712984"," 6.417921"," 7.147138"," 5.933981"," 8.575418"," 7.400408"," 6.218053","11.095225","11.419224"," 6.755767"," 7.838884"," 7.009702","11.752972"," 7.982073"," 4.807753"," 6.220544"," 6.369671"," 7.790239"," 7.907284"," 9.110519"," 9.087304","11.345943"," 6.681582"," 5.709079"," 9.635125"," 5.737219","10.380897"," 9.751226","11.970895"," 9.994824"
0," 7.984670"," 7.625952"," 7.613377","10.171126"," 5.939036"," 6.714882"," 8.410432"," 3.332845"," 5.374829"," 6.554759"," 6.139036"," 4.824127","10.389811","10.209431"," 6.311054"," 8.029686"," 4.434940"," 6.631248"," 7.251076"," 6.412730"," 8.250711"," 6.946681"," 6.394125","10.002825","11.250134"," 7.653729"," 7.699392"," 5.854585","11.640925"," 8.548486"," 3.159981"," 6.772005"," 6.475234"," 8.042259"," 7.720663"," 8.719300"," 9.312841","10.741131"," 6.789453"," 5.387710"," 8.535267"," 5.845583","10.525603"," 9.576145","11.755408"," 9.943890"
0," 8.834778"," 7.397566"," 7.902341","10.632208"," 6.245804"," 7.173695"," 7.991802"," 4.279433"," 4.834354"," 6.427603"," 6.837558"," 4.569523","10.067189","10.424398"," 6.514421"," 7.989637"," 5.867992"," 6.559476"," 7.494757"," 6.936170"," 8.540472"," 7.220176"," 6.114520","10.529524","11.244592"," 6.965451"," 8.334651"," 7.767801","11.422874"," 7.879030"," 4.172436"," 6.176061"," 5.744016"," 8.605626"," 7.716897"," 9.320674"," 9.252656","11.199957"," 6.105150"," 5.765450"," 7.920548"," 6.148392","10.535581","10.180601","11.843200","10.052375"
0," 8.443902"," 6.770378"," 7.316965"," 9.946951"," 5.814334"," 6.990064"," 7.783998"," 4.120841"," 4.928689"," 6.089828"," 6.046605"," 4.689712","10.489425","10.108615"," 6.695566"," 8.078333"," 3.774803"," 6.260223"," 7.601871"," 5.658068"," 8.322363"," 7.228574"," 6.090671","10.584149","11.412728"," 8.145524"," 8.134953"," 6.822618","11.553297"," 8.220142"," 6.126894"," 7.472500"," 6.893397"," 8.491782"," 7.679817"," 8.990765"," 8.821442","11.268196"," 6.692169"," 5.442712"," 9.180863"," 5.721299","10.353027"," 9.989605","12.058828"," 9.798924"
0," 5.788590"," 8.031356"," 6.453779","10.980098"," 5.884965"," 6.104221"," 8.570327"," 3.728037"," 5.416883"," 5.828972"," 8.429420"," 4.507997","10.931769","10.194212"," 5.323889"," 7.816057"," 3.750759"," 6.763558"," 7.374751"," 5.366047"," 8.224988"," 6.813120"," 6.335036"," 9.920369","11.151949"," 7.656748"," 9.461920"," 8.072237","11.427249"," 8.677735"," 4.757700"," 7.001492"," 7.399449"," 7.945895"," 7.144218"," 8.968548"," 9.413802","10.619830"," 6.728522"," 7.085909"," 8.060183"," 5.999506","10.252276"," 9.170179","11.745458"," 9.240022"
0," 8.822429"," 8.287918"," 6.878493"," 9.834929"," 5.762253"," 7.223081"," 7.949786"," 4.188107"," 5.010434"," 7.532851"," 5.194613"," 4.623754","10.247539","10.602790"," 5.856774"," 7.742444"," 5.334760"," 6.250676"," 6.922411"," 6.864775"," 8.214614"," 7.032746"," 5.800168","10.675861","11.156617"," 5.978309"," 7.009862"," 6.336077","11.594664"," 8.017696"," 5.705544"," 5.706539"," 6.805392"," 8.365253"," 7.331981"," 8.527781"," 9.066511","11.012759"," 6.126669"," 6.517914"," 8.118236"," 5.701192","10.712626","10.035365","11.938900","10.099016"
0," 8.023298"," 7.805357"," 7.287753","10.368555"," 6.174198"," 7.069892"," 8.166538"," 3.793842"," 5.616178"," 6.759811"," 6.395881"," 4.728569","10.329653","10.305318"," 6.186874"," 8.359367"," 4.187631"," 6.410059"," 7.698677"," 7.099883"," 8.344766"," 7.138264"," 5.856130","10.076036","11.124956"," 6.918188"," 7.870836"," 6.651261","11.638084"," 8.337743"," 5.683500"," 6.253909"," 6.887499"," 8.053866"," 7.547939"," 8.921377"," 9.403568","11.317487"," 7.047750"," 5.751984"," 8.880933"," 5.850361"," 9.832741"," 9.296380","11.886415"," 9.617414"
0," 8.356470"," 7.457020"," 7.926850"," 9.471254"," 6.600277"," 7.061040"," 7.609767"," 4.173638"," 4.797590"," 7.838615"," 5.711662"," 4.495243","10.217337","10.264580"," 6.425244"," 8.393160"," 5.356734"," 6.613603"," 7.301703"," 7.475493"," 7.828380"," 7.223549"," 6.003942","10.695589","11.669316"," 6.841304"," 7.625559"," 6.505910","11.387525"," 7.768206"," 7.650984"," 6.135629"," 6.349476"," 8.395883"," 8.048228"," 9.409848"," 8.794115","11.662805"," 7.014387"," 5.186667","10.230695"," 5.922734","10.252098","10.494306","11.978974","10.038158"
0," 8.399222"," 6.504149"," 6.907708","10.506660"," 5.744854"," 5.959709"," 7.980533"," 3.606722"," 5.604221"," 5.345384"," 6.126822"," 4.237744","10.919129","10.267639"," 6.132134"," 7.328741"," 3.498556"," 6.919097"," 7.256171"," 6.980825"," 7.836061"," 7.468522"," 6.087005"," 9.426762","11.253335"," 6.279313"," 7.669025"," 7.249516","11.492862"," 8.157968"," 3.259535"," 6.339650"," 4.706198"," 7.852422"," 7.218476"," 8.587883"," 9.201466","11.204096"," 6.974478"," 6.301887"," 7.940030"," 5.769170","10.603310"," 7.720632","11.575321"," 9.197166"
1," 9.161580"," 8.730258"," 6.796757"," 9.448552"," 6.429643"," 6.004550"," 7.770604"," 4.594458"," 5.928004"," 7.410393"," 5.247508"," 4.364364"," 9.859171","10.457229"," 6.876110"," 8.492503"," 5.793966"," 6.648939"," 6.937134"," 6.826995"," 8.672131"," 7.714396"," 5.931515","11.373008","11.441767"," 7.307838"," 6.196794"," 5.160762","11.232142"," 7.809779"," 3.682844"," 6.149602"," 6.644428"," 7.933488"," 7.877760"," 7.944216"," 8.472446","11.433191"," 6.977615"," 7.249509"," 9.601414"," 5.793796","11.026203","10.862670","11.858945","10.104152"
1," 8.558443"," 7.792242"," 6.845393"," 9.841405"," 6.667327"," 6.803560"," 7.389044"," 5.264300"," 5.116664"," 6.301827"," 6.199333"," 4.147641","10.093906","10.559181"," 6.587049"," 7.994762"," 4.147585"," 6.650795"," 7.065696"," 6.241461"," 8.473788"," 8.201175"," 5.886482","11.633860","11.607906"," 5.748656"," 7.581874"," 7.452090","11.535135"," 7.977576"," 4.686618"," 4.995707"," 7.645829"," 8.038119"," 8.049375"," 8.212207"," 8.761201","11.180047"," 7.292567"," 7.520124"," 8.464673"," 5.917873","11.220358"," 9.571253","12.297307"," 9.828560"
1," 8.953107"," 9.239671"," 6.930123"," 9.882032"," 6.266763"," 5.531047"," 8.755351"," 4.681861"," 5.055712"," 6.999634"," 6.046438"," 4.180388","10.507095","10.385057"," 6.800365"," 6.940006"," 5.415600"," 6.939582"," 6.828504"," 5.468685"," 8.100265"," 7.786555"," 5.948915","11.396756","11.378116"," 6.405834"," 7.415095"," 5.702531","11.346902"," 7.997373"," 4.278239"," 5.316751"," 6.872692"," 7.888168"," 7.682127"," 8.227321"," 8.774131","11.972575"," 8.562341"," 8.503849","10.278390"," 5.735874"," 9.812922"," 9.936860","11.911118"," 9.112272"
1," 9.325432"," 7.694144"," 8.552193"," 9.611452"," 7.429483"," 5.231676"," 7.817232"," 5.314634"," 5.188428"," 7.797756"," 6.317879"," 3.427325","10.112933","10.112616"," 7.261583"," 7.639545"," 6.975396"," 7.653036"," 7.089022"," 6.542881"," 8.372355"," 8.209642"," 5.985741","11.640997","12.156807"," 6.193112"," 6.861910"," 6.906641","10.511945"," 7.996207"," 6.474073"," 4.724893"," 5.973680"," 8.870355"," 8.404237"," 7.352348"," 8.492809","11.681641"," 7.238114"," 7.312821"," 8.934881"," 5.378824","10.809014","10.902246","11.801360","10.518939"
1," 9.361511"," 7.930657"," 8.016279"," 9.706397"," 6.887994"," 5.923122"," 8.140169"," 4.895582"," 5.003868"," 8.941269"," 5.605182"," 4.133580"," 9.768476","10.506152"," 6.644059"," 8.116115"," 4.795018"," 6.631943"," 6.976148"," 5.075278"," 9.466576"," 7.790804"," 5.622480","11.525463","11.557333"," 5.832011"," 7.378524"," 7.350232","11.349740"," 7.856354"," 5.428214"," 5.340228"," 6.879681"," 8.523655"," 7.922085"," 8.164431"," 8.915191","11.620289"," 7.829697"," 7.532291"," 9.955131"," 5.765359","10.567111","11.027556","11.964962","10.228857"
1," 9.439916"," 6.944592"," 7.759910"," 9.712929"," 6.241718"," 5.316930"," 7.628433"," 4.637861"," 5.135408"," 7.271422"," 3.079490"," 4.144436"," 9.712618","10.291326"," 7.510403"," 8.032788"," 4.209521"," 6.398001"," 7.290386"," 4.118581"," 8.475852"," 7.200554"," 6.107575","11.098191","11.521334"," 5.863023"," 6.339591"," 5.776011","10.777995"," 7.511698"," 4.523431"," 5.538464"," 7.073835"," 8.962136"," 8.280655"," 7.444379"," 8.852652","10.537030"," 8.655337"," 5.962510"," 9.420534"," 5.721111","11.130087","11.578370","11.727198","10.544469"
1," 9.189259"," 8.409278"," 6.611997","10.283914"," 6.476908"," 5.725393"," 7.983769"," 4.643681"," 5.759299"," 8.042245"," 5.692682"," 4.455892"," 9.985619","10.249241"," 6.256163"," 8.300994"," 5.332410"," 6.718025"," 7.376489"," 7.169962"," 8.063884"," 7.573770"," 6.087286","11.351499","11.594324"," 7.002534"," 7.343519"," 6.363454","11.446818"," 7.992619"," 4.303740"," 6.116063"," 6.688116"," 8.311399"," 7.798111"," 7.699021"," 8.798250","11.476826"," 7.353929"," 7.113309","10.612816"," 5.581430","10.672363","10.261891","11.865389","10.286369"
1,"10.601227"," 8.542738"," 7.740087"," 9.125161"," 6.587491"," 6.057709"," 7.251045"," 5.810914"," 5.548930"," 9.351239"," 4.879437"," 4.439660"," 9.882172","10.655508"," 6.428330"," 7.161802"," 3.855076"," 7.476010"," 6.459427"," 8.359061"," 9.814022"," 8.026110"," 6.100296","11.320935","11.766620"," 6.456329"," 5.997268"," 6.282018","11.135019"," 7.853775"," 5.537594"," 5.306705"," 7.330025"," 8.380379"," 7.646930"," 8.420755"," 8.444847","11.669048"," 6.886888"," 6.610242","10.847158"," 6.211220","11.205633"," 9.599107","12.093533"," 9.831108"
1," 9.180380"," 8.702131"," 7.671077"," 9.465014"," 6.698285"," 5.672068"," 7.462361"," 4.994334"," 5.336990"," 9.626375"," 5.301704"," 4.082923"," 9.689474","10.637774"," 6.448079"," 8.402134"," 4.921091"," 7.419962"," 7.139830"," 8.075701"," 9.692963"," 7.647132"," 5.552137","11.224222","11.639025"," 5.324867"," 7.138762"," 7.230383","10.844217"," 7.490770"," 7.489680"," 4.704403"," 7.596898"," 9.354591"," 8.084552"," 7.698928"," 8.725798","11.277327"," 7.082878"," 7.032719","10.881194"," 5.758211","10.957574","10.743061","11.900408","10.333737"
1," 8.828505"," 7.431002"," 7.717698"," 9.623834"," 6.922960"," 5.167945"," 7.033119"," 4.353350"," 5.729940"," 5.317823"," 3.547911"," 4.606637"," 9.627134","10.158978"," 7.788886"," 8.514683"," 6.255253"," 7.250859"," 6.754498"," 7.315282"," 9.062051"," 8.108477"," 6.061720","11.538207","11.524518"," 6.063090"," 7.187752"," 4.981095","10.687188"," 7.820966"," 7.263389"," 4.598805"," 6.527025"," 8.255227"," 8.026537"," 8.172603"," 9.053257","11.525606"," 6.829145"," 3.546672"," 9.894128"," 5.531330","10.935325"," 9.561159","11.794493"," 9.765878"
1," 8.051231"," 8.883518"," 6.673699"," 9.669349"," 6.093566"," 5.390048"," 7.740407"," 4.478378"," 5.489144"," 8.374027"," 5.371808"," 4.241693","10.100881","10.328594"," 6.589094"," 9.854095"," 4.945030"," 7.141598"," 6.672739"," 7.326617"," 8.251587"," 7.933294"," 5.861385","10.795450","11.060390"," 7.840237"," 7.109212"," 7.668112","10.907461"," 8.358179"," 3.499154"," 6.570242"," 6.981855"," 9.048816"," 7.453501"," 7.979912"," 8.351579","10.243536"," 7.268798"," 6.528215"," 9.747045"," 6.032787","11.126166","10.729861","11.821073"," 9.401015"
1," 8.978193"," 8.482117"," 7.392448"," 9.104415"," 6.728754"," 6.202723"," 7.468398"," 4.814487"," 5.089457"," 7.468527"," 4.246216"," 4.130294"," 9.611624","10.563716"," 7.314330"," 8.931241"," 4.605139"," 7.168874"," 6.935504"," 7.540103"," 8.592268"," 7.502112"," 6.063274","11.961454","11.963433"," 5.940305"," 6.077876"," 6.205645","11.194756"," 7.317551"," 7.043705"," 5.294163"," 7.539227"," 8.785466"," 8.386135"," 7.763218"," 8.602042","11.179614"," 7.384773"," 7.386668"," 9.324692"," 5.661052","11.831742","10.114235","12.204613","10.464353"
1," 9.141954"," 9.410613"," 6.903619","10.456390"," 6.517121"," 6.668840"," 7.762323"," 5.000563"," 4.671437"," 5.229044"," 6.699285"," 4.124762","10.086917","10.274237"," 5.722235"," 8.035184"," 3.597600"," 6.499481"," 6.794144"," 8.016532"," 8.190212"," 7.256827"," 6.097307","10.995531","11.344140"," 7.190076"," 8.357918"," 8.287674","11.420403"," 8.330901"," 6.511568"," 5.768906"," 6.513316"," 8.096156"," 7.349086"," 9.136785"," 8.821474","11.136967"," 6.984309"," 7.415083"," 8.265377"," 5.786619","10.615025"," 9.203486","11.804876"," 9.319986"
1,"10.052160"," 7.985941"," 8.041858"," 9.116456"," 6.403113"," 5.802155"," 7.313219"," 4.936999"," 5.371868"," 9.044093"," 5.306012"," 4.266342"," 9.476123","10.384216"," 7.626728"," 9.343480"," 5.709940"," 7.624843"," 6.319464"," 7.750092"," 9.293474"," 7.520214"," 5.732775","12.030247","11.912393"," 6.355405"," 6.327739"," 5.903762","10.792054"," 7.162109"," 5.746773"," 5.565754"," 7.703962"," 9.765469"," 8.646897"," 7.485520"," 8.467980","11.479156"," 7.124199"," 6.554633","10.321028"," 5.718584","11.919087","10.878431","12.109312","10.532981"
1," 9.324638"," 6.495741"," 7.737473","10.074295"," 6.708687"," 5.648670"," 7.840597"," 4.936595"," 4.244790"," 7.528182"," 7.016174"," 3.880792"," 9.246752","10.451828"," 7.551342"," 7.757548"," 4.226725"," 6.775085"," 7.358740"," 4.412703"," 7.311275"," 7.916443"," 5.739481","11.871644","11.923482"," 5.885578"," 6.991996"," 7.152747","11.231215"," 7.563878"," 6.137292"," 5.103501"," 6.773260"," 7.894963"," 8.343347"," 7.660251"," 9.127962","11.119118"," 6.811649"," 6.378349"," 9.204631"," 5.546448","10.755987","11.200781","11.975949","10.791743"
1," 9.461565"," 7.286003"," 7.617903"," 9.527178"," 6.009121"," 5.795617"," 7.734929"," 4.463759"," 5.272590"," 7.647485"," 5.497658"," 4.002205"," 9.425975","10.385772"," 7.738003"," 7.796691"," 4.081201"," 6.556496"," 6.862355"," 7.028624"," 8.460352"," 7.285107"," 5.909265","12.546448","11.764639"," 6.036954"," 6.720352"," 6.291076","11.133031"," 7.391970"," 4.664798"," 5.117819"," 7.339095"," 9.088766"," 8.323401"," 7.079441"," 8.828035","10.879757"," 6.772113"," 7.410269"," 9.355115"," 5.565604","11.127640","10.456172","11.986192","10.848067"
1," 8.907416"," 8.017371"," 7.183961"," 9.569937"," 5.917246"," 6.105645"," 7.837734"," 4.589069"," 5.435447"," 8.338072"," 4.701977"," 4.294787"," 9.036819"," 9.957838"," 7.286449"," 7.930459"," 4.586029"," 6.645128"," 6.964944"," 8.114170"," 8.784757"," 8.063894"," 5.473250","11.802808","11.648261"," 4.925733"," 6.342956"," 6.214628","11.305802"," 7.749999"," 4.946237"," 4.727503"," 6.928214"," 9.203197"," 8.009251"," 7.896206"," 8.820561","11.546477"," 6.587526"," 7.279696","10.312876"," 5.713898","11.106556","10.964469","12.057068","10.448489"
1," 9.877889"," 8.016652"," 7.660204"," 9.779937"," 5.770473"," 5.934813"," 7.906539"," 4.443984"," 5.359062"," 9.286620"," 5.215000"," 4.594638"," 9.670969","10.500664"," 6.847406"," 8.097035"," 5.058504"," 6.400009"," 6.851958"," 8.365232"," 8.644767"," 7.445108"," 5.807127","10.446327","11.376934"," 7.174728"," 6.783825"," 5.779083","11.221409"," 7.825335"," 4.452022"," 6.731850"," 7.859963"," 9.194477"," 7.959961"," 7.786095"," 8.533781","11.517181"," 6.790628"," 7.007966"," 9.674787"," 5.966030","11.041208","10.348301","11.950469","10.231359"
1," 8.316762"," 7.012301"," 7.646619"," 9.417695"," 6.055381"," 5.874204"," 7.399830"," 4.440099"," 5.418825"," 8.893181"," 5.342546"," 4.786032","10.034318","10.442933"," 6.291568"," 7.981909"," 4.571222"," 7.297183"," 7.112410"," 7.855668"," 9.562776"," 7.425347"," 5.542048"," 9.884184","11.395092"," 7.132295"," 7.264984"," 7.277487","11.297658"," 7.794241"," 7.722173"," 6.847767"," 7.135383"," 8.760615"," 7.595116"," 8.107336"," 8.767186","11.348714"," 7.493268"," 7.394334"," 9.568961"," 5.848675","11.051113","10.353480","11.851610"," 9.912771"
1," 9.250880"," 8.991080"," 8.357042"," 9.500774"," 7.251142"," 6.189301"," 7.635251"," 4.639101"," 6.099199"," 9.035724"," 6.526975"," 4.130294"," 9.757028","10.595569"," 7.553130"," 8.964871"," 7.202360"," 7.845023"," 6.672382"," 8.979703"," 8.759308"," 7.398776"," 5.945383","11.019079","11.906475"," 5.744569"," 7.560652"," 5.810272","10.915648"," 7.477521"," 6.161373"," 5.137241"," 6.656867"," 8.690296"," 8.438478"," 8.260081"," 7.719897","12.036029"," 7.843823"," 6.566606","10.358607"," 5.723451","10.914643","10.286681","12.099093","10.138967"
1," 9.210546"," 7.831903"," 7.960177"," 8.988747"," 6.824296"," 6.959976"," 6.772686"," 5.836070"," 5.502540"," 6.581728"," 4.657695"," 4.348272","10.114370","10.543143"," 6.339174"," 7.573633"," 7.647512"," 6.951055"," 7.059786"," 7.187667"," 7.855578"," 8.122954"," 5.984296","11.396929","11.759992"," 7.257525"," 6.978112"," 6.394190","11.370560"," 8.015432"," 6.896997"," 5.641398"," 6.411979"," 8.467966"," 7.712926"," 9.434836"," 8.007578","11.532310"," 5.654388"," 4.567756"," 9.947323"," 5.897728","11.110691","10.199533","12.252487","10.257796"
1," 8.491460"," 7.922232"," 6.652161","10.305995"," 5.725675"," 5.694135"," 8.810262"," 3.728653"," 5.276141"," 7.417876"," 7.167222"," 4.255427"," 9.996512","10.286309"," 6.285238"," 7.850501"," 3.798853"," 6.957367"," 7.351476"," 5.927380"," 8.052915"," 7.338185"," 6.145439","10.930385","11.412196"," 6.467489"," 7.608283"," 7.169078","11.250957"," 7.980855"," 6.389314"," 6.086788"," 7.532766"," 8.451725"," 7.250048"," 7.527316"," 8.776937","10.807708"," 7.444416"," 7.944508"," 8.151412"," 5.638675","10.335510"," 9.746536","11.686293"," 9.867116"
1," 8.924155"," 8.747928"," 8.018313"," 9.959700"," 7.014866"," 6.708354"," 7.957786"," 4.763904"," 4.326669"," 7.831506"," 6.480815"," 4.138129"," 9.882765","10.271328"," 5.843446"," 7.450166"," 5.691405"," 7.191276"," 7.465623"," 7.256216"," 8.351235"," 7.780647"," 6.163824","10.589092","11.461417"," 5.832599"," 7.073072"," 6.905919","11.450638"," 7.482980"," 4.511729"," 4.970246"," 6.962699"," 8.157288"," 7.462007"," 8.417473"," 8.860709","11.852973"," 7.317542"," 8.353697","10.370575"," 5.839024","10.056240"," 9.679501","12.033559"," 9.075896"
1," 9.141982"," 8.875882"," 6.946337"," 9.606704"," 6.224336"," 5.941920"," 7.711828"," 4.943890"," 5.280726"," 7.344330"," 4.575993"," 4.656407","10.084824","10.490565"," 6.702902"," 8.263383"," 5.709940"," 6.681521"," 7.250619"," 7.096069"," 8.543698"," 7.439390"," 5.676099","11.403368","11.463828"," 7.361124"," 6.075873"," 5.437829","11.220334"," 8.032366"," 4.983324"," 6.390975"," 6.657022"," 8.182195"," 7.682756"," 7.992596"," 8.531372","11.539517"," 7.354197"," 7.187457"," 9.570980"," 5.783424","11.014634","10.904142","11.950687"," 9.922787"
1," 9.431160"," 8.508777"," 7.083331"," 8.975431"," 6.835760"," 4.988122"," 6.383769"," 5.079202"," 5.798463"," 8.843837"," 5.701581"," 3.903261"," 9.269221","10.561678"," 8.157897"," 9.747248"," 3.651278"," 6.900179"," 6.795840"," 7.695944"," 8.243536"," 7.985987"," 5.839837","12.288785","11.670013"," 6.019740"," 6.607127"," 6.922709","10.663735"," 7.069581"," 6.074131"," 5.451464"," 7.493421"," 8.889771"," 9.088458"," 8.038462"," 8.458767","11.694590"," 7.028682"," 6.578100","10.352658"," 5.964440","11.135079","10.696813","12.204073","10.740801"
1," 9.660875"," 9.220117"," 7.558711"," 9.557759"," 6.414121"," 5.786049"," 8.495860"," 5.041396"," 5.135307"," 8.106592"," 6.457622"," 4.258203","10.035474","10.599980"," 7.390877"," 6.965074"," 6.335808"," 6.948979"," 6.718025"," 5.906404"," 8.421117"," 8.123170"," 6.056656","11.940592","11.604883"," 5.525219"," 7.247345"," 5.637477","11.229032"," 7.466476"," 5.458678"," 5.295869"," 7.055394"," 8.526204"," 8.330732"," 7.946734"," 8.575084","12.000605"," 8.246037"," 8.015036","10.243862"," 5.576267","10.730781","10.362639","12.091164","10.049625"
1," 8.479904"," 9.000207"," 7.291799"," 9.605756"," 6.991855"," 6.285668"," 7.354383"," 5.404187"," 6.095899"," 7.634016"," 5.691310"," 3.834270","10.469015","10.416900"," 6.234153"," 8.579984"," 5.461195"," 7.427053"," 7.003741"," 8.132889"," 9.055977"," 7.591610"," 5.561490","11.288461","11.406912"," 7.027662"," 7.026185"," 6.523279","11.101651"," 8.088213"," 7.308381"," 5.270628"," 6.321554"," 8.126411"," 7.569605"," 8.816039"," 8.294876","11.709982"," 7.406091"," 7.254961"," 9.410620"," 5.798181","11.243099"," 9.762753","12.004545"," 9.403055"
1," 9.363955"," 8.848497"," 7.425524","10.325503"," 6.495230"," 6.465241"," 7.967107"," 4.665208"," 4.906778"," 7.559531"," 7.092994"," 4.402442"," 9.945108","10.343753"," 6.510085"," 8.027941"," 3.634947"," 6.699436"," 7.170156"," 8.173833"," 8.109155"," 7.545006"," 6.012210","11.393538","11.681810"," 5.484925"," 7.501054"," 7.453287","11.437366"," 7.811703"," 6.895299"," 5.412212"," 6.963214"," 8.424864"," 7.313227"," 8.300071"," 8.984074","11.053155"," 7.228511"," 8.530431"," 8.859416"," 5.830537","10.705955"," 9.061957","11.904522","10.221089"
1,"10.093718"," 8.480010"," 7.821728"," 8.935504"," 6.451539"," 5.858336"," 6.685818"," 5.114874"," 5.375186"," 9.323326"," 5.741741"," 4.688223"," 9.986885","10.276596"," 7.512727","10.139740"," 6.999653"," 8.115593"," 6.584038"," 8.684867"," 9.157457"," 7.321694"," 5.759316","11.743086","11.707067"," 7.605113"," 6.745210"," 6.410599","10.515852"," 7.521994"," 6.473960"," 6.692609"," 7.546422"," 9.489653"," 8.166291"," 7.672108"," 8.125228","11.825912"," 7.610007"," 7.228314","10.772063"," 5.595740","11.461206","10.745102","12.028006","10.121553"
1," 9.889960"," 7.744198"," 8.216022"," 9.426277"," 6.483293"," 4.996730"," 7.839923"," 5.232667"," 5.693460"," 8.979705"," 5.417617"," 4.106059"," 9.446822","10.448985"," 7.555899"," 9.309046"," 6.107470"," 7.203268"," 7.253513"," 6.862390"," 8.943581"," 8.430041"," 6.024670","11.912077","11.731296"," 5.770426"," 6.662939"," 6.932543","10.981460"," 7.450054"," 6.331422"," 5.641907"," 7.432704"," 8.784684"," 8.618984"," 7.987344"," 8.616935","11.669520"," 7.314977"," 7.720223"," 9.407693"," 5.615140","11.007064","11.019352","12.176641","10.628515"
1," 9.636298"," 6.708435"," 7.501161","10.108686"," 6.926793"," 7.037313"," 7.440775"," 5.881922"," 4.790157"," 5.404451"," 6.897455"," 4.298905"," 9.591926","10.767664"," 7.787072"," 9.018332"," 5.925699"," 6.584329"," 7.031020"," 4.061702"," 6.113610"," 7.987940"," 6.288551","12.031751","11.672033"," 6.153929"," 7.695007"," 7.572160","11.540359"," 7.901793"," 6.558905"," 4.386850"," 6.217023"," 7.163916"," 8.589581"," 9.490956"," 8.807994","11.393984"," 6.089616"," 5.112262"," 9.233749"," 5.817774","10.439757","11.760526","12.360748","10.425939"
1," 9.633345"," 6.657075"," 7.604646"," 9.854034"," 5.884119"," 5.035064"," 7.911996"," 4.739836"," 5.133247"," 6.626081"," 6.312522"," 4.231136"," 8.844786","10.263354"," 8.047626"," 7.660100"," 3.717083"," 6.290875"," 6.944081"," 6.871015"," 7.941075"," 7.557784"," 5.868146","12.373088","11.794036"," 5.899859"," 6.902041"," 6.606628","11.222879"," 7.329712"," 5.005707"," 4.826289"," 6.885093"," 8.906195"," 8.457902"," 7.304063"," 9.184038","10.934036"," 6.152507"," 6.465188"," 9.673638"," 5.239537","11.118526","10.678851","11.918435","11.031057"
1," 9.749012"," 7.990757"," 7.943511"," 9.410827"," 6.511345"," 6.039012"," 8.099857"," 4.740026"," 5.252853"," 9.036508"," 5.863265"," 4.044599"," 9.552307","10.670247"," 6.900756"," 8.188881"," 4.371170"," 6.663390"," 6.998614"," 5.613751"," 8.736278"," 7.743938"," 5.735285","11.277178","11.670874"," 5.043251"," 6.980921"," 6.835222","11.282609"," 7.397314"," 4.836138"," 4.901175"," 7.528689"," 8.587063"," 7.683815"," 7.670454"," 9.048606","11.462156"," 7.702005"," 7.534484"," 9.608008"," 5.658111","10.853291","10.733827","11.914885","10.541845"
1," 9.398850"," 7.763261"," 7.657126"," 9.594277"," 6.182030"," 5.596961"," 7.973326"," 3.744164"," 4.979474"," 6.814200"," 3.177732"," 4.289642"," 9.893377","10.186806"," 6.473987"," 7.896095"," 5.102382"," 6.702444"," 7.394298"," 5.311964"," 8.072249"," 6.801556"," 6.142254","10.972208","11.361493"," 6.657680"," 5.701547"," 5.900452","11.177284"," 7.859641"," 4.943568"," 6.208081"," 6.865039"," 8.246700"," 7.911079"," 8.207404"," 8.795005","10.842799"," 8.990433"," 6.605790"," 9.447125"," 5.912458","10.395167","11.196772","11.831636","10.114181"
1," 9.137484"," 8.637250"," 7.516442"," 9.574545"," 6.330984"," 5.714279"," 7.611523"," 4.256893"," 5.470907"," 8.854382"," 4.768800"," 4.116159"," 9.644127"," 9.899724"," 7.031056"," 8.344528"," 4.901260"," 6.886140"," 6.803945"," 8.389832"," 8.419634"," 7.939311"," 5.973529","11.036507","11.488398"," 5.651783"," 6.825075"," 6.333926","11.254397"," 7.680587"," 5.083723"," 4.923624"," 6.817024"," 9.241332"," 7.716386"," 7.907383"," 8.463902","11.896431"," 6.669240"," 7.094338","10.297762"," 5.893460","10.950350","10.976494","11.925661","10.082458"
1," 9.441669"," 9.032342"," 7.151777","10.281254"," 6.540093"," 5.902268"," 8.018087"," 4.607771"," 5.508455"," 8.878437"," 6.119725"," 4.416380","10.058720","10.304701"," 6.860951"," 9.222713"," 5.607178"," 7.004072"," 6.958955"," 8.004121"," 8.336216"," 6.934063"," 5.862764","11.405862","11.520871"," 7.486209"," 7.443713"," 7.161557","11.069509"," 7.874612"," 5.294051"," 6.826810"," 6.653495"," 8.815702"," 7.777816"," 7.688831"," 8.245803","11.827118"," 7.827771"," 7.855700","10.844133"," 5.636711","11.068580","10.583406","11.865171","10.375788"
1," 9.669181"," 7.861280"," 7.633511","10.038530"," 5.515861"," 5.420447"," 7.997807"," 4.523492"," 5.983574"," 8.949869"," 5.912216"," 4.370202"," 9.619799","10.584283"," 7.012597"," 8.179008"," 4.594344"," 6.396669"," 7.084603"," 8.420584"," 8.611220"," 7.475728"," 6.021002","10.874340","11.461729"," 6.938559"," 6.991440"," 6.052404","11.099737"," 7.755808"," 3.216897"," 6.307584"," 7.649802"," 9.082709"," 7.871928"," 7.888288"," 8.362012","11.572866"," 6.956786"," 7.354950"," 9.793823"," 5.889019","10.939057","10.337139","11.996425","10.275551"
1," 9.064976"," 7.399831"," 8.021743"," 9.295087"," 6.615245"," 5.226838"," 7.201963"," 4.802989"," 5.009120"," 8.682447"," 5.561177"," 4.288866"," 9.345603","10.545069"," 7.461797"," 8.584209"," 5.259014"," 6.776966"," 7.190643"," 8.440794"," 8.702983"," 7.550106"," 5.547182","10.635032","11.499979"," 6.280659"," 6.650656"," 7.253510","11.121566"," 7.390871"," 8.343902"," 6.243209"," 7.380258"," 9.027334"," 8.431852"," 8.315458"," 8.595555","11.678485"," 7.661539"," 7.711042","10.100403"," 5.692576","10.820225","10.363202","12.021418","10.601330"
1," 9.233203"," 8.593364"," 8.507347"," 9.363405"," 7.201842"," 5.986792"," 7.662154"," 5.524808"," 5.454450"," 9.361785"," 5.745645"," 4.568258"," 9.675472","10.610060"," 7.315422"," 9.699711"," 7.855673"," 7.829043"," 6.393808"," 9.559922"," 8.795575"," 8.058384"," 5.923755","11.108068","11.672298"," 5.852385"," 7.189693"," 6.036580","10.895422"," 7.130705"," 6.286843"," 5.391302"," 6.987952"," 8.750821"," 8.468494"," 8.526336"," 8.038293","12.249274"," 7.539772"," 6.657362","10.776927"," 5.851876","10.952032","10.328667","12.173769","10.207887"
1," 9.338438"," 8.342202"," 8.769409"," 8.700112"," 6.771982"," 5.971259"," 5.870188"," 5.315395"," 5.903317"," 8.198037"," 3.231435"," 4.246224","10.357805","10.406489"," 5.874817"," 8.614900"," 6.730983"," 6.953458"," 6.196969"," 8.305341"," 8.084671"," 8.089462"," 5.793829","10.494901","11.565262"," 7.885972"," 6.848772"," 6.328644","10.841389"," 7.515470"," 6.781527"," 7.128968"," 6.216525"," 8.121424"," 7.750819"," 9.160510"," 7.948208","12.151026"," 7.703461"," 5.802964","10.014186"," 5.758135","10.730714"," 9.959910","11.720281"," 9.736638"
1,"10.392029"," 8.707004"," 7.792673"," 9.013028"," 6.596848"," 5.319752"," 7.492494"," 5.484541"," 5.615484"," 8.989784"," 3.834832"," 4.759957"," 9.779710","10.496050"," 7.101357"," 8.535286"," 3.339525"," 7.166124"," 6.489064"," 8.458577"," 7.907910"," 8.240187"," 5.942773","11.416149","11.822534"," 6.915247"," 6.932193"," 6.400236","10.953599"," 7.743489"," 4.581918"," 5.917099"," 7.138793"," 8.564086"," 8.059776"," 8.696073"," 8.257405","11.927091"," 6.852052"," 5.775964","10.565750"," 5.830231","10.680029"," 9.650475","12.047823","10.187023"
1," 9.342659"," 7.526691"," 8.082894"," 9.867756"," 6.860900"," 6.172510"," 7.998840"," 4.481713"," 5.155953"," 8.425632"," 6.336353"," 3.929994"," 9.665922","10.691509"," 7.014022"," 9.068056"," 4.873143"," 7.493651"," 7.093190"," 7.517333"," 7.871703"," 8.001880"," 5.769909","10.804773","11.742485"," 7.047283"," 7.192916"," 7.228889","11.118119"," 7.512963"," 7.888061"," 5.818042"," 7.141923"," 8.588292"," 7.876418"," 8.352238"," 8.712734","11.715212"," 7.760275"," 7.841621"," 9.513554"," 5.641311","10.695694","11.279056","11.988410","10.574774"
1," 8.864833"," 8.924054"," 8.147371"," 9.562568"," 6.603024"," 6.069368"," 7.402587"," 5.081867"," 4.253451"," 8.404810"," 5.534627"," 4.561098"," 9.732664","10.422545"," 6.542743"," 8.886812"," 5.851006"," 7.416815"," 6.648577"," 6.874333"," 8.894153"," 7.847898"," 6.099324","10.479908","11.598727"," 5.802788"," 6.469790"," 6.326865","11.315116"," 7.482658"," 3.858537"," 4.548457"," 6.702910"," 8.106956"," 8.013377"," 8.330882"," 8.559791","11.949353"," 6.926557"," 7.734757","10.643257"," 5.813319","10.593146"," 9.838245","12.091440"," 9.464787"
1," 9.484911"," 8.622474"," 7.702887"," 9.324875"," 7.099627"," 5.885257"," 7.319187"," 4.831840"," 5.277060"," 9.510704"," 4.755619"," 3.917207"," 9.368893","10.671012"," 6.852901"," 9.695673"," 5.791968"," 6.932137"," 6.890405"," 8.549926"," 8.738325"," 8.014526"," 6.067009","11.496901","11.462294"," 5.106997"," 7.351244"," 6.578411","10.583255"," 7.006585"," 8.280908"," 4.577929"," 7.211781"," 9.166858"," 8.342110"," 8.104852"," 8.405791","11.800901"," 6.997458"," 6.454539","10.885425"," 5.760704","11.005261","10.907783","11.932016","10.449381"
1," 8.635637"," 7.483795"," 7.196071"," 9.123344"," 6.896466"," 5.513437"," 7.519666"," 3.767479"," 5.673760"," 8.480454"," 3.321780"," 4.482419"," 9.693094","10.181951"," 6.402143"," 8.289574"," 5.801357"," 6.559201"," 6.411244"," 8.312390"," 8.898428"," 7.568011"," 5.773764","11.164895","11.362577"," 6.669070"," 6.719094"," 5.555791","11.004133"," 7.832804"," 7.133706"," 5.966239"," 6.876608"," 8.223017"," 7.869237"," 8.290036"," 8.520676","11.505592"," 8.203920"," 6.265819","11.025154"," 6.156243","10.600655"," 9.545070","11.848796"," 9.834201"
1," 8.448526"," 8.296023"," 7.030922"," 9.464775"," 6.431867"," 5.475998"," 7.181617"," 4.600356"," 5.825181"," 7.680228"," 6.147761"," 4.323782"," 9.551811","10.331307"," 6.692322"," 9.373248"," 4.484540"," 6.826860"," 6.745907"," 6.698924"," 8.140777"," 7.607390"," 6.081418","12.038955","11.776921"," 6.547596"," 5.936846"," 6.616800","10.914188"," 7.283321"," 5.069979"," 5.368523"," 7.222887"," 9.067948"," 8.126401"," 7.281067"," 8.416067","10.593759"," 7.432945"," 6.309358"," 9.375744"," 5.659860","11.547981","10.552814","12.026481","10.243598"
1," 9.772644"," 7.603279"," 7.872429"," 9.748056"," 5.805221"," 5.870460"," 7.859258"," 4.510983"," 5.544766"," 8.168020"," 5.648893"," 4.577009"," 9.039685","10.545642"," 7.696812"," 7.841516"," 4.255324"," 6.336352"," 6.910650"," 8.070851"," 8.800490"," 7.315741"," 5.700331","12.423452","11.576090"," 6.636289"," 6.400919"," 5.889217","11.091403"," 7.569623"," 4.678350"," 6.149994"," 7.578344"," 9.345882"," 8.600495"," 7.617905"," 9.110939","11.412811"," 6.779318"," 6.477051"," 9.792133"," 5.530226","11.052164","10.360216","11.948470","10.722869"
1," 9.120751"," 7.550499"," 7.692570"," 9.427166"," 5.838088"," 4.836731"," 7.665401"," 4.521795"," 4.594297"," 8.310714"," 6.124873"," 4.125779"," 9.236699","10.407454"," 7.682295"," 8.186845"," 4.639876"," 6.549835"," 6.993084"," 7.198241"," 9.396061"," 7.653339"," 5.927122","11.802012","11.582241"," 4.890302"," 6.584252"," 7.272648","10.902480"," 7.453165"," 7.577175"," 5.661324"," 7.705286"," 9.314538"," 8.474360"," 7.641832"," 9.114992","11.405229"," 8.119961"," 7.043744","10.691316"," 5.598879","11.065419"," 9.901108","11.859089","10.711212"
1," 9.048063"," 7.910960"," 7.373937"," 9.521874"," 5.931151"," 5.873540"," 8.011084"," 4.820699"," 5.657181"," 7.638325"," 5.122247"," 3.981787"," 9.640389","10.552936"," 7.647742"," 8.105245"," 4.955062"," 6.335486"," 7.016867"," 6.568227"," 8.404785"," 7.684195"," 5.664390","12.369932","11.643940"," 6.548460"," 6.400331"," 5.527412","11.193164"," 7.668645"," 4.694235"," 5.784402"," 7.379505"," 8.631863"," 8.146055"," 7.621754"," 9.532195","11.226809"," 7.093708"," 7.167089"," 9.569585"," 5.392844","11.112219","10.747757","11.812972","10.422044"
1," 9.184543"," 8.024825"," 6.891689"," 9.665362"," 6.943867"," 6.540181"," 7.380032"," 4.905793"," 5.149068"," 6.215782"," 6.388068"," 4.389966"," 9.566565","10.574643"," 7.213514"," 8.320239"," 3.547703"," 6.893624"," 6.980214"," 6.460788"," 8.301857"," 8.475437"," 5.747974","11.975046","11.868717"," 5.545968"," 6.923599"," 7.124061","11.441532"," 7.719133"," 4.800188"," 4.652760"," 6.943510"," 7.751756"," 8.334553"," 7.940933"," 8.645903","11.572921"," 7.751149"," 7.478797"," 8.973814"," 5.625034","11.343880"," 9.998723","12.332579","10.258398"
1," 9.103054"," 9.182699"," 8.013682"," 9.346003"," 6.348175"," 6.194416"," 8.159949"," 5.148552"," 4.713237"," 8.682487"," 5.417950"," 4.388292"," 9.721834","10.525975"," 7.049406"," 9.197779"," 6.356853"," 7.616257"," 6.862194"," 5.820372"," 7.435691"," 8.458713"," 5.969621","11.467152","11.437443"," 6.306136"," 6.705008"," 5.586121","11.026925"," 7.287027"," 6.254349"," 6.098880"," 6.741955"," 7.970165"," 8.297958"," 8.537689"," 8.639873","12.062150"," 8.469834"," 7.580588","10.944865"," 5.908286"," 8.414080","11.048683","11.927009"," 9.989653"
1," 8.437765"," 8.847176"," 7.507210"," 8.270795"," 6.779794"," 6.413488"," 6.316598"," 5.731370"," 6.157011"," 8.582775"," 3.426979"," 4.466257","10.322127","10.512385"," 6.803837"," 9.487269"," 4.847311"," 8.364617"," 6.530851"," 8.504285"," 9.734838"," 7.866813"," 5.749834","11.410770","11.390162"," 7.096778"," 6.263057"," 5.281570","10.981581"," 7.552369"," 7.487274"," 6.168280"," 7.384438"," 8.472445"," 8.022437"," 8.530378"," 7.918579","11.696251"," 7.259466"," 5.996158"," 9.915473"," 5.889424","11.515381","10.100482","12.064673"," 9.391076"
1," 9.244672"," 8.529122"," 7.392038","10.109966"," 6.403232"," 6.202090"," 8.380352"," 4.396789"," 4.701988"," 7.278479"," 7.163129"," 4.431487"," 9.913106","10.278887"," 6.772321"," 8.381515"," 3.310224"," 6.477297"," 7.094569"," 8.291488"," 7.844871"," 7.297200"," 5.956658","12.100610","11.657825"," 5.358597"," 7.558110"," 7.524828","11.547261"," 7.545644"," 6.416503"," 5.503633"," 6.643003"," 8.445142"," 7.975282"," 8.498251"," 9.087961","11.171871"," 6.795066"," 8.246077"," 9.081498"," 5.634766","10.457102"," 9.242413","11.979393","10.467681"
1," 9.752701"," 8.250952"," 7.766786"," 9.529411"," 6.182195"," 4.789665"," 7.389863"," 5.036472"," 5.650505"," 7.689500"," 5.627372"," 4.593488","10.196127","10.324831"," 7.629043","10.302978"," 5.467736"," 6.788043"," 6.439628"," 7.936416"," 9.622489"," 7.246752"," 5.989615","11.908794","11.613352"," 7.245924"," 7.072415"," 6.644677","10.744484"," 7.704259"," 5.143698"," 6.933606"," 7.230841"," 9.320723"," 8.522660"," 7.941014"," 8.764222","11.815173"," 6.941123"," 4.501180","10.100142"," 5.978568","11.708582","10.512773","11.980636","10.292870"
1," 9.574003"," 7.529966"," 7.619185"," 9.297635"," 5.683054"," 5.701513"," 8.113025"," 3.973563"," 5.069903"," 7.689505"," 5.564022"," 3.972941"," 9.455033","10.380916"," 7.268110"," 7.981446"," 4.056253"," 6.143143"," 7.089394"," 5.864817"," 9.065560"," 8.114583"," 5.817142","12.263544","11.566202"," 5.139459"," 6.238835"," 6.986180","11.377094"," 7.746355"," 4.302077"," 5.162011"," 7.666730"," 9.067925"," 8.413110"," 7.602700"," 9.728699","10.886542"," 7.022847"," 7.306310"," 8.382630"," 5.787110","11.024733","10.188021","12.021448","10.376391"
1," 8.821502"," 7.911082"," 6.928386"," 9.322794"," 7.200980"," 6.936860"," 6.607553"," 5.228575"," 5.292163"," 7.460064"," 5.720220"," 4.256767","10.087472","10.676087"," 6.453211"," 8.882882"," 5.331024"," 7.608329"," 6.697961"," 4.276686"," 8.371606"," 8.624086"," 6.217787","12.015105","11.255195"," 7.118451"," 6.606707"," 6.425144","11.120063"," 7.593009"," 5.419108"," 4.529546"," 6.811597"," 7.519485"," 7.496145"," 8.433746"," 8.381992","11.733345"," 8.163637"," 6.513213"," 9.902466"," 5.943343","11.269500","11.133710","12.214874"," 8.849653"
1," 9.602271"," 7.543141"," 7.503864"," 9.920408"," 6.063922"," 6.085275"," 8.105497"," 4.471780"," 5.269289"," 8.025191"," 6.568893"," 4.111376"," 9.778940","10.265672"," 7.098129"," 7.755193"," 4.335424"," 6.732887"," 7.219557"," 7.811313"," 8.579506"," 7.277979"," 5.726362","11.719802","11.710218"," 6.285270"," 7.358469"," 6.930474","11.311526"," 7.753411"," 4.608818"," 5.236303"," 7.522172"," 9.072712"," 7.942905"," 7.615917"," 9.024471","11.275968"," 7.130665"," 7.801767"," 9.969016"," 5.583097","10.986463","10.378294","12.033037","10.509601"
1," 9.678428"," 7.959118"," 8.001230"," 9.720771"," 6.455630"," 5.785342"," 8.336565"," 4.666894"," 5.329469"," 8.430345"," 5.470564"," 4.291545"," 9.934999","10.592324"," 6.864356"," 8.107246"," 5.055365"," 6.543762"," 6.832435"," 5.341188"," 8.805408"," 7.631988"," 5.703372","11.451205","11.675688"," 5.771262"," 7.445406"," 7.223163","11.396840"," 7.842175"," 4.988044"," 4.942622"," 7.374058"," 8.346774"," 7.956939"," 8.298926"," 9.268473","11.409001"," 7.685273"," 7.547929"," 9.687829"," 5.848142","10.890653","10.627959","11.990231","10.414997"
1," 9.976376"," 7.087906"," 8.131752"," 9.493366"," 6.152346"," 4.899214"," 7.572111"," 5.332233"," 5.293700"," 7.122095"," 3.569080"," 3.909912"," 9.616034","10.608974"," 7.866343"," 9.483061"," 4.145916"," 6.736026"," 7.138815"," 5.408163"," 9.379178"," 7.609608"," 5.871957","11.921346","11.568365"," 5.748401"," 5.929100"," 6.245896","11.232319"," 7.200926"," 5.942251"," 5.788739"," 7.615652"," 9.293819"," 8.783848"," 8.102451"," 9.486644","10.792298"," 8.077474"," 4.739835"," 9.592014"," 5.561646","11.263172","11.660325","12.043561","10.502085"
1," 9.414401"," 9.096467"," 7.648343"," 9.360566"," 6.501302"," 5.475061"," 7.523854"," 5.393944"," 6.006387"," 8.054441"," 4.362708"," 4.052749"," 9.770320"," 9.952990"," 6.856804"," 8.985574"," 4.932158"," 7.106408"," 6.431598"," 8.409361"," 8.330203"," 7.966370"," 6.064557","11.172719","11.616615"," 6.482419"," 6.907035"," 6.376463","10.960698"," 7.517043"," 5.380104"," 5.412159"," 7.272677"," 9.414196"," 8.089005"," 7.998556"," 8.234471","12.040596"," 6.982477"," 6.480562","10.199776"," 5.644993","11.087537","10.959811","11.983547","10.040518"
1," 9.487805"," 8.590738"," 6.988955"," 9.952660"," 6.332388"," 4.382085"," 7.933174"," 3.770436"," 5.408766"," 7.912585"," 5.874703"," 4.392800"," 9.603426","10.238987"," 7.635497"," 8.969430"," 4.194966"," 6.710617"," 7.455931"," 7.328660"," 8.870555"," 7.066436"," 5.862615","12.390705","11.708882"," 6.700458"," 7.228055"," 6.751355","10.998342"," 7.588634"," 4.420341"," 6.210969"," 7.432194"," 9.290830"," 8.737830"," 7.084877"," 8.928184","11.568623"," 6.757695"," 7.060290","10.808627"," 5.532272","11.201348","10.873677","12.006577","10.799309"
1," 9.193398"," 9.126698"," 8.244087"," 9.732183"," 7.312273"," 5.675208"," 7.825825"," 4.472749"," 5.881075"," 7.728059"," 5.873418"," 4.438758","10.217285","10.449260"," 6.225534"," 8.706424"," 6.052601"," 7.670891"," 6.780899"," 8.849775"," 8.942949"," 7.524449"," 6.133813","10.797518","11.612744"," 6.087353"," 6.839146"," 6.141113","10.911929"," 7.523944"," 4.135508"," 5.837927"," 6.653821"," 8.570038"," 8.022016"," 8.337823"," 8.329445","12.173093"," 6.771523"," 6.307570"," 9.841112"," 5.688032","10.994944"," 9.673956","11.943633"," 9.480510"
1," 9.850717"," 9.354174"," 7.856276"," 8.275299"," 6.123634"," 4.633071"," 6.137811"," 4.863252"," 5.504799"," 8.502172"," 3.957587"," 4.521732"," 9.662904","10.364595"," 7.003528"," 8.836396"," 6.241075"," 7.140035"," 6.209050"," 8.019278"," 8.528446"," 7.854863"," 5.803762","11.746785","11.591809"," 7.072774"," 5.716140"," 4.833650","10.583618"," 6.934961"," 6.796223"," 6.640799"," 7.562362"," 8.738890"," 8.385042"," 8.149324"," 8.146791","11.983385"," 7.263998"," 5.067780","10.410489"," 5.847294","11.380859"," 9.813907","11.942988","10.347529"
1,"10.293408"," 8.517328"," 7.971818"," 8.946457"," 7.041633"," 5.712258"," 7.526635"," 5.079990"," 5.773408"," 8.418097"," 5.730281"," 4.326367"," 9.436740","10.556137"," 7.031836"," 8.080349"," 3.632100"," 7.541364"," 6.472076"," 8.450801"," 8.320989"," 8.222770"," 5.806079","12.004455","11.829186"," 6.102252"," 6.306495"," 6.474765","11.021365"," 7.116718"," 4.717486"," 4.993459"," 7.508850"," 8.717898"," 8.208518"," 8.713968"," 8.808837","11.701237"," 6.876870"," 6.561111","10.206408"," 5.973894","11.096500"," 9.791671","12.115719","10.331481"
1," 9.154471"," 7.868552"," 7.120012"," 9.581264"," 5.944047"," 5.454213"," 7.127924"," 5.254224"," 5.719747"," 7.770150"," 5.591707"," 3.878230","10.456298","10.451811"," 6.190840"," 9.710289"," 6.085561"," 6.819824"," 7.108336"," 7.836875"," 8.678607"," 7.606221"," 5.859663","10.719042","11.282049"," 7.092506"," 7.317250"," 6.575182","11.085395"," 7.993780"," 7.523700"," 6.648778"," 7.458619"," 9.050491"," 7.783818"," 8.367002"," 8.825772","11.678622"," 7.314689"," 4.999840"," 9.492678"," 5.722713","10.857384","10.775689","12.040828"," 9.455784"
1," 8.598542"," 9.626807"," 8.006370"," 9.986026"," 6.910045"," 6.469722"," 7.689243"," 4.693131"," 4.901005"," 7.868413"," 6.805206"," 4.591828","10.349892","10.154708"," 5.239886"," 8.405579"," 5.372388"," 7.494897"," 7.216703"," 7.519030"," 8.294666"," 7.408696"," 6.154342"," 9.766217","10.920679"," 6.647942"," 7.191425"," 6.723378","11.479855"," 7.937166"," 4.172106"," 5.270527"," 7.100194"," 7.884120"," 6.971425"," 8.873355"," 8.488741","12.037120"," 7.187250"," 7.876167"," 9.761251"," 5.854639","10.043627"," 9.303363","11.794304"," 8.432211"
1," 9.340051"," 8.272751"," 7.792915"," 9.121350"," 6.797851"," 5.911218"," 7.361581"," 5.161848"," 4.941497"," 8.869446"," 4.677973"," 4.323135"," 9.392110","10.624383"," 7.412081"," 8.746952"," 4.854010"," 6.350996"," 6.783285"," 8.150397"," 9.184365"," 7.654100"," 5.415204","12.469752","11.661773"," 5.389863"," 6.682742"," 6.263973","10.593645"," 7.221816"," 7.052611"," 4.941997"," 7.486904"," 9.294977"," 8.522255"," 7.820380"," 8.821654","11.383583"," 6.913584"," 6.194932","10.709077"," 5.678795","11.129350","10.728298","11.965512","10.659762"
1," 8.705716"," 7.751654"," 7.600828"," 9.578500"," 6.422587"," 6.050768"," 8.028164"," 4.044711"," 5.233235"," 7.990708"," 3.955199"," 4.291896"," 9.684066","10.126145"," 6.551979"," 8.131566"," 4.626331"," 6.752740"," 6.488963"," 7.873865"," 9.029064"," 7.582699"," 5.596346","11.271070","11.290145"," 6.657022"," 6.608308"," 5.668465","11.235406"," 7.766099"," 6.770218"," 5.537516"," 7.238598"," 8.576946"," 7.949032"," 7.974676"," 8.996360","11.190819"," 7.169251"," 6.420864","10.622825"," 5.577669","10.845520"," 9.077371","11.836906","10.141466"
1," 8.853169"," 8.204254"," 6.706929"," 9.551205"," 6.158327"," 5.314246"," 7.898459"," 3.694210"," 4.744441"," 7.955777"," 6.103601"," 3.843596"," 9.075822","10.295719"," 7.452531"," 8.758235"," 3.660154"," 6.856645"," 7.263967"," 6.163175"," 8.236789"," 7.201537"," 6.011468","12.223829","11.695864"," 5.875773"," 6.281336"," 7.024209","11.047607"," 7.600004"," 4.052269"," 5.231078"," 7.507850"," 9.434341"," 8.315194"," 6.857860"," 9.129405","10.124955"," 6.986222"," 6.795029"," 9.382822"," 5.495475","11.144110","10.864175","11.939314","10.441655"
